-- phpMyAdmin SQL Dump
-- version 3.3.9
-- http://www.phpmyadmin.net
--
-- Host: localhost
-- Generation Time: Mar 26, 2015 at 02:47 PM
-- Server version: 5.5.8
-- PHP Version: 5.3.5

SET SQL_MODE="NO_AUTO_VALUE_ON_ZERO";


/*!40101 SET @OLD_CHARACTER_SET_CLIENT=@@CHARACTER_SET_CLIENT */;
/*!40101 SET @OLD_CHARACTER_SET_RESULTS=@@CHARACTER_SET_RESULTS */;
/*!40101 SET @OLD_COLLATION_CONNECTION=@@COLLATION_CONNECTION */;
/*!40101 SET NAMES utf8 */;

--
-- Database: `rohan`
--
-- --------------------------------------------------------

--
-- Table structure for table `drugs`
--

CREATE TABLE IF NOT EXISTS `drugs` (
  `id` bigint(20) unsigned NOT NULL AUTO_INCREMENT,
  `drug_name` varchar(50) NOT NULL,
  `drug_desc` varchar(200) NOT NULL,
  UNIQUE KEY `id` (`id`)
) ENGINE=InnoDB  DEFAULT CHARSET=latin1 AUTO_INCREMENT=29 ;

--
-- Dumping data for table `drugs`
--

INSERT INTO `drugs` (`id`, `drug_name`, `drug_desc`) VALUES
(1, 'antifungals', 'Anti Fungals For Removing Fungus nd all...'),
(2, 'antidotes', 'Antidotes for Immunity'),
(3, 'vitamins', 'Vitamins for Daily Use'),
(4, 'new medic', 'new medic'),
(5, 'antiseptics', 'open wounds , scratches'),
(6, 'antacids', 'nuetralize and counters acidity'),
(7, 'allergenics', 'medical conditions associated with allergy'),
(8, 'amebicides', 'eradicate parasitic species  of amebea in humans'),
(9, 'aminoglycosides', 'bacterial antibiotics'),
(10, 'aminopenicillins', 'bactericidal beta-lactum antibiotics'),
(11, 'aminosalicylates', 'bacteriostatic against mycobacterium tuberculosis'),
(12, 'amylin analogs', '37 amino acids polypeptide hormone'),
(13, 'anorexiants', 'act on brain to suppress appetite'),
(14, 'anthelmintics', 'eradicate intestinals worms'),
(15, 'antiandrogens', 'androgens receptor block'),
(16, 'anticoagulants', 'prevents blood clotting'),
(17, 'antidepressants', 'treats depressions and improve symptoms'),
(18, 'antidiarrheals', 'treat diarrhea with confirmed bacterial cause'),
(19, 'antihistamines', 'inhibits actions of histamines by blocking receptors'),
(20, 'antimetabolites', 'interfere with enzymes with DNA synthesis'),
(21, 'antineoplastics', 'damage DNA and initiates apoptosis'),
(22, 'antipsoriatics', 'applied to the skin or taken orally for treating psoriasis '),
(23, 'antipsychotics', 'blocks dopamine receptors in the brain'),
(24, 'antirheumatis', 'treat the symptoms of rheumatoid arthritis'),
(25, 'antithyroid agents', 'prevents or suppresses the biosynthesis of thyroid hormones'),
(26, 'antitussives', 'suppress coughing  '),
(27, 'antiviral agents', 'viral infections'),
(28, 'antibiotics', 'to handle deficiencies and give power to body');

-- --------------------------------------------------------

--
-- Table structure for table `medicines`
--

CREATE TABLE IF NOT EXISTS `medicines` (
  `id` bigint(20) unsigned NOT NULL AUTO_INCREMENT,
  `drug_id` int(6) NOT NULL,
  `med_name` varchar(30) NOT NULL,
  `doc_id` varchar(12) NOT NULL,
  `desc` varchar(30000) NOT NULL,
  UNIQUE KEY `id` (`id`)
) ENGINE=InnoDB  DEFAULT CHARSET=latin1 AUTO_INCREMENT=13 ;

--
-- Dumping data for table `medicines`
--

INSERT INTO `medicines` (`id`, `drug_id`, `med_name`, `doc_id`, `desc`) VALUES
(1, 1, 'sdgfg', 'user6', 'fasdbdabn'),
(2, 2, 'sadfdaf', 'user6', 'sfgbsfb'),
(3, 1, 'adfsDGVsv', 'user6', 'sfbvsabWSFB'),
(4, 1, 'sadfsfgfdahnsgnj', 'xyz', 'srmn'),
(5, 3, 'orange Zest', 'abc', 'for vitamin C deficient People'),
(6, 4, 'Nothing', 'DR1', 'Engergygetic'),
(7, 5, 'nuesprene', 'DR1', 'cuts,bruises'),
(8, 6, 'pentec 40', 'DR1', 'acidity'),
(9, 6, 'ENO', 'DR1', 'acidity'),
(10, 7, 'Diphenhydramine', 'DR1', 'A histamine H1 anta'),
(11, 7, 'Cyproheptadine', 'DR1', 'A serotonin antagonist and a histamine H1 blocker used as antipruritic, appetite stimulant, antiallergic, and for the post-gastrectomy dumping syndrome, etc. '),
(12, 7, 'Promethazine', 'DR1', 'A phenothiazine derivative with histamine H1-blocking, antimuscarinic, and sedative properties. It is used as an antiallergic, in pruritus, for motion sickness and sedation, and also in animals.');

-- --------------------------------------------------------

--
-- Table structure for table `reviews`
--

CREATE TABLE IF NOT EXISTS `reviews` (
  `id` bigint(20) unsigned NOT NULL AUTO_INCREMENT,
  `drug_id` int(6) NOT NULL,
  `med_id` int(6) NOT NULL,
  `review` varchar(200) NOT NULL,
  `user_type` varchar(15) NOT NULL,
  `user_name` varchar(25) NOT NULL,
  `type` varchar(100) DEFAULT NULL,
  UNIQUE KEY `id` (`id`)
) ENGINE=InnoDB  DEFAULT CHARSET=latin1 AUTO_INCREMENT=35 ;

--
-- Dumping data for table `reviews`
--

INSERT INTO `reviews` (`id`, `drug_id`, `med_id`, `review`, `user_type`, `user_name`, `type`) VALUES
(30, 1, 1, 'nice drug', 'user', 'user1', 'This post is positive and its weigth is  0.069'),
(31, 1, 1, 'nice drug', 'user', 'user1', 'This post is positive and its weigth is  0.069'),
(32, 1, 1, 'nice drug ', 'user', 'user1', 'This post is positive and its weigth is  0.069'),
(33, 4, 6, 'nice drug', 'user', 'user1', 'This post is positive and its weigth is  0.069'),
(34, 4, 6, 'bad experiance', 'user', 'user1', 'This post is Negitive and its weigth is : 0.0083');

-- --------------------------------------------------------

--
-- Table structure for table `train_data`
--

CREATE TABLE IF NOT EXISTS `train_data` (
  `id` bigint(20) unsigned NOT NULL AUTO_INCREMENT,
  `class` varchar(25) NOT NULL,
  `keyword` varchar(50) NOT NULL,
  `freq` int(11) NOT NULL,
  `tot_keys` int(11) NOT NULL,
  `key_weight` decimal(10,4) NOT NULL,
  UNIQUE KEY `id` (`id`)
) ENGINE=InnoDB  DEFAULT CHARSET=latin1 AUTO_INCREMENT=3182 ;

--
-- Dumping data for table `train_data`
--

INSERT INTO `train_data` (`id`, `class`, `keyword`, `freq`, `tot_keys`, `key_weight`) VALUES
(2478, 'positive', 'need', 1, 531, 0.0019),
(2479, 'positive', 'total', 1, 531, 0.0019),
(2480, 'positive', 'understand', 1, 531, 0.0019),
(2481, 'positive', 'bearabl', 1, 531, 0.0019),
(2482, 'positive', 'benefit', 1, 531, 0.0019),
(2483, 'positive', 'treatment', 2, 531, 0.0038),
(2484, 'positive', 'knew', 1, 531, 0.0019),
(2485, 'positive', 'awesom', 1, 531, 0.0019),
(2486, 'positive', 'dot', 1, 531, 0.0019),
(2487, 'positive', 'novemb', 1, 531, 0.0019),
(2488, 'positive', 'recovery,enjoi', 1, 531, 0.0019),
(2489, 'positive', 'hydrocoxi', 1, 531, 0.0019),
(2490, 'positive', 'time', 1, 531, 0.0019),
(2491, 'positive', 'years,', 1, 531, 0.0019),
(2492, 'positive', 'year', 8, 531, 0.0151),
(2493, 'positive', 'place', 1, 531, 0.0019),
(2494, 'positive', 'deep', 1, 531, 0.0019),
(2495, 'positive', 'right', 1, 531, 0.0019),
(2496, 'positive', 'bare', 1, 531, 0.0019),
(2497, 'positive', 'week)', 1, 531, 0.0019),
(2498, 'positive', '+', 1, 531, 0.0019),
(2499, 'positive', 'qualiti', 1, 531, 0.0019),
(2500, 'positive', 'zocor', 1, 531, 0.0019),
(2501, 'positive', 'sleep', 2, 531, 0.0038),
(2502, 'positive', 'mom', 2, 531, 0.0038),
(2503, 'positive', ',', 2, 531, 0.0038),
(2504, 'positive', 'few', 3, 531, 0.0056),
(2505, 'positive', 'tri', 3, 531, 0.0056),
(2506, 'positive', 'peopl', 1, 531, 0.0019),
(2507, 'positive', 'wont', 1, 531, 0.0019),
(2508, 'positive', 'treatment,', 1, 531, 0.0019),
(2509, 'positive', 'eas', 1, 531, 0.0019),
(2510, 'positive', 'lot', 1, 531, 0.0019),
(2511, 'positive', 'sick', 1, 531, 0.0019),
(2512, 'positive', 'blotch', 1, 531, 0.0019),
(2513, 'positive', 'review', 1, 531, 0.0019),
(2514, 'positive', 'symptom', 1, 531, 0.0019),
(2515, 'positive', 'tunnel', 1, 531, 0.0019),
(2516, 'positive', 'increas', 1, 531, 0.0019),
(2517, 'positive', '(after', 1, 531, 0.0019),
(2518, 'positive', 'god', 1, 531, 0.0019),
(2519, 'positive', 'common', 1, 531, 0.0019),
(2520, 'positive', 'chronic', 2, 531, 0.0038),
(2521, 'positive', 'lipitor', 1, 531, 0.0019),
(2522, 'positive', 'brought', 1, 531, 0.0019),
(2523, 'positive', 'relief', 3, 531, 0.0056),
(2524, 'positive', 'usedveri', 1, 531, 0.0019),
(2525, 'positive', 'calm,', 1, 531, 0.0019),
(2526, 'positive', 'life', 9, 531, 0.0169),
(2527, 'positive', 'side', 8, 531, 0.0151),
(2528, 'positive', 'current', 1, 531, 0.0019),
(2529, 'positive', 'best', 1, 531, 0.0019),
(2530, 'positive', 'hard', 2, 531, 0.0038),
(2531, 'positive', 'look', 1, 531, 0.0019),
(2532, 'positive', 'wasnt', 1, 531, 0.0019),
(2533, 'positive', 'effects,', 1, 531, 0.0019),
(2534, 'positive', 'happi', 1, 531, 0.0019),
(2535, 'positive', 'later', 1, 531, 0.0019),
(2536, 'positive', 'back', 3, 531, 0.0056),
(2537, 'positive', 'suffer', 3, 531, 0.0056),
(2538, 'positive', 'us', 5, 531, 0.0094),
(2539, 'positive', 'september,', 1, 531, 0.0019),
(2540, 'positive', 'hour', 2, 531, 0.0038),
(2541, 'positive', 'abiliti', 1, 531, 0.0019),
(2542, 'positive', 'up', 1, 531, 0.0019),
(2543, 'positive', 'new', 3, 531, 0.0056),
(2544, 'positive', 'buspiron', 1, 531, 0.0019),
(2545, 'positive', 'abilifi', 3, 531, 0.0056),
(2546, 'positive', 'satisfi', 1, 531, 0.0019),
(2547, 'positive', 'experienc', 2, 531, 0.0038),
(2548, 'positive', '(one', 1, 531, 0.0019),
(2549, 'positive', 'down', 1, 531, 0.0019),
(2550, 'positive', 'reliev', 1, 531, 0.0019),
(2551, 'positive', 'ago', 1, 531, 0.0019),
(2552, 'positive', 'week', 3, 531, 0.0056),
(2553, 'positive', 'keep', 1, 531, 0.0019),
(2554, 'positive', 'nerv', 2, 531, 0.0038),
(2555, 'positive', 'drugit', 1, 531, 0.0019),
(2556, 'positive', 'all,', 2, 531, 0.0038),
(2557, 'positive', 'drop', 1, 531, 0.0019),
(2558, 'positive', 'normal', 1, 531, 0.0019),
(2559, 'positive', 'took', 1, 531, 0.0019),
(2560, 'positive', 'half', 1, 531, 0.0019),
(2561, 'positive', 'good', 8, 531, 0.0151),
(2562, 'positive', 'long', 1, 531, 0.0019),
(2563, 'positive', 'doctor', 2, 531, 0.0038),
(2564, 'positive', 'th', 1, 531, 0.0019),
(2565, 'positive', 'slight', 1, 531, 0.0019),
(2566, 'positive', 'dark', 1, 531, 0.0019),
(2567, 'positive', 'control', 2, 531, 0.0038),
(2568, 'positive', 'bactrum', 1, 531, 0.0019),
(2569, 'positive', 'availableit', 1, 531, 0.0019),
(2570, 'positive', 'beginn', 1, 531, 0.0019),
(2571, 'positive', 'far', 1, 531, 0.0019),
(2572, 'positive', 'nonsens', 1, 531, 0.0019),
(2573, 'positive', 'dai', 8, 531, 0.0151),
(2574, 'positive', 'hydrocodoneacetaminophen', 1, 531, 0.0019),
(2575, 'positive', 'urg', 2, 531, 0.0038),
(2576, 'positive', 'cholesterol', 2, 531, 0.0038),
(2577, 'positive', 'continu', 1, 531, 0.0019),
(2578, 'positive', 'bodi', 4, 531, 0.0075),
(2579, 'positive', 'believ', 1, 531, 0.0019),
(2580, 'positive', 'better', 5, 531, 0.0094),
(2581, 'positive', '(effexor', 1, 531, 0.0019),
(2582, 'positive', 'tough', 1, 531, 0.0019),
(2583, 'positive', 'stomach,', 1, 531, 0.0019),
(2584, 'positive', 'day', 1, 531, 0.0019),
(2585, 'positive', 'saver', 2, 531, 0.0038),
(2586, 'positive', 'fast', 3, 531, 0.0056),
(2587, 'positive', 'walk', 1, 531, 0.0019),
(2588, 'positive', 'vicdon', 1, 531, 0.0019),
(2589, 'positive', 'make', 1, 531, 0.0019),
(2590, 'positive', 'thing', 1, 531, 0.0019),
(2591, 'positive', 'depress', 6, 531, 0.0113),
(2592, 'positive', 'med', 3, 531, 0.0056),
(2593, 'positive', 'cipro', 1, 531, 0.0019),
(2594, 'positive', 'result', 2, 531, 0.0038),
(2595, 'positive', 'thisveri', 1, 531, 0.0019),
(2596, 'positive', 'well', 4, 531, 0.0075),
(2597, 'positive', 'didnt', 2, 531, 0.0038),
(2598, 'positive', 'hang', 1, 531, 0.0019),
(2599, 'positive', 'recommend', 3, 531, 0.0056),
(2600, 'positive', 'dose', 3, 531, 0.0056),
(2601, 'positive', 'it,', 1, 531, 0.0019),
(2602, 'positive', 'reach', 1, 531, 0.0019),
(2603, 'positive', 'reclus', 1, 531, 0.0019),
(2604, 'positive', 'xr)', 1, 531, 0.0019),
(2605, 'positive', 'work,', 1, 531, 0.0019),
(2606, 'positive', 'react', 1, 531, 0.0019),
(2607, 'positive', 'all', 3, 531, 0.0056),
(2608, 'positive', 'talk', 1, 531, 0.0019),
(2609, 'positive', 'feel', 7, 531, 0.0132),
(2610, 'positive', 'five', 2, 531, 0.0038),
(2611, 'positive', 'fibromyalgia', 1, 531, 0.0019),
(2612, 'positive', 'handi', 1, 531, 0.0019),
(2613, 'positive', 'aw', 1, 531, 0.0019),
(2614, 'positive', 'costli', 1, 531, 0.0019),
(2615, 'positive', 'sever', 1, 531, 0.0019),
(2616, 'positive', 'great', 4, 531, 0.0075),
(2617, 'positive', 'caus', 1, 531, 0.0019),
(2618, 'positive', 'surgery,', 1, 531, 0.0019),
(2619, 'positive', 'effect', 8, 531, 0.0151),
(2620, 'positive', 'ad', 1, 531, 0.0019),
(2621, 'positive', 'improv', 1, 531, 0.0019),
(2622, 'positive', 'chang', 1, 531, 0.0019),
(2623, 'positive', 'again,', 2, 531, 0.0038),
(2624, 'positive', 'recoveri', 2, 531, 0.0038),
(2625, 'positive', 'energi', 2, 531, 0.0038),
(2626, 'positive', 'fell', 1, 531, 0.0019),
(2627, 'positive', 'tak', 7, 531, 0.0132),
(2628, 'positive', 'person', 1, 531, 0.0019),
(2629, 'positive', 'lower', 1, 531, 0.0019),
(2630, 'positive', 'reason', 1, 531, 0.0019),
(2631, 'positive', 'sai', 1, 531, 0.0019),
(2632, 'positive', 'cowork', 1, 531, 0.0019),
(2633, 'positive', 'went', 2, 531, 0.0038),
(2634, 'positive', 'help', 12, 531, 0.0226),
(2635, 'positive', 'given', 3, 531, 0.0056),
(2636, 'positive', 'initial', 1, 531, 0.0019),
(2637, 'positive', 'on', 6, 531, 0.0113),
(2638, 'positive', 'morphin', 2, 531, 0.0038),
(2639, 'positive', '(?)', 1, 531, 0.0019),
(2640, 'positive', 'glad', 1, 531, 0.0019),
(2641, 'positive', 'final', 1, 531, 0.0019),
(2642, 'positive', 'excellent,', 1, 531, 0.0019),
(2643, 'positive', 'acclim', 1, 531, 0.0019),
(2644, 'positive', 'again', 2, 531, 0.0038),
(2645, 'positive', 'up,', 1, 531, 0.0019),
(2646, 'positive', 'lexapro', 1, 531, 0.0019),
(2647, 'positive', 'bad', 1, 531, 0.0019),
(2648, 'positive', 'absolut', 1, 531, 0.0019),
(2649, 'positive', 'prescript', 1, 531, 0.0019),
(2650, 'positive', 'board', 1, 531, 0.0019),
(2651, 'positive', 'antidepress', 1, 531, 0.0019),
(2652, 'positive', 'provid', 1, 531, 0.0019),
(2653, 'positive', 'attitud', 1, 531, 0.0019),
(2654, 'positive', 'now', 1, 531, 0.0019),
(2655, 'positive', 'start', 7, 531, 0.0132),
(2656, 'positive', 'regain', 1, 531, 0.0019),
(2657, 'positive', 'depression,', 1, 531, 0.0019),
(2658, 'positive', 'month', 4, 531, 0.0075),
(2659, 'positive', 'myself', 2, 531, 0.0038),
(2660, 'positive', 'littl', 1, 531, 0.0019),
(2661, 'positive', 'pain', 20, 531, 0.0377),
(2662, 'positive', 'hospit', 2, 531, 0.0038),
(2663, 'positive', 'resum', 1, 531, 0.0019),
(2664, 'positive', 'quit', 1, 531, 0.0019),
(2665, 'positive', 'greatli', 1, 531, 0.0019),
(2666, 'positive', 'clear', 1, 531, 0.0019),
(2667, 'positive', 'thank', 1, 531, 0.0019),
(2668, 'positive', 'pill', 1, 531, 0.0019),
(2669, 'positive', 'apparent', 1, 531, 0.0019),
(2670, 'positive', 'pleas', 1, 531, 0.0019),
(2671, 'positive', 'seizur', 1, 531, 0.0019),
(2672, 'positive', 'grate', 1, 531, 0.0019),
(2673, 'positive', 'mg', 4, 531, 0.0075),
(2674, 'positive', 'everyon', 1, 531, 0.0019),
(2675, 'positive', 'easili', 1, 531, 0.0019),
(2676, 'positive', 'me', 3, 531, 0.0056),
(2677, 'positive', 'want', 2, 531, 0.0038),
(2678, 'positive', 'end', 1, 531, 0.0019),
(2679, 'positive', 'balanc', 1, 531, 0.0019),
(2680, 'positive', 'alot', 1, 531, 0.0019),
(2681, 'positive', 'miracle', 1, 531, 0.0019),
(2682, 'positive', 'let', 1, 531, 0.0019),
(2683, 'positive', 'smallest', 1, 531, 0.0019),
(2684, 'positive', 'ago,', 1, 531, 0.0019),
(2685, 'positive', 'injuri', 1, 531, 0.0019),
(2686, 'positive', 'fulli', 1, 531, 0.0019),
(2687, 'positive', 'highli', 1, 531, 0.0019),
(2688, 'positive', 'despit', 1, 531, 0.0019),
(2689, 'positive', 'damag', 1, 531, 0.0019),
(2690, 'positive', 'medication,', 1, 531, 0.0019),
(2691, 'positive', 'product', 1, 531, 0.0019),
(2692, 'positive', 'differ', 2, 531, 0.0038),
(2693, 'positive', 'brand', 1, 531, 0.0019),
(2694, 'positive', 'cut', 1, 531, 0.0019),
(2695, 'positive', 'whatsoev', 1, 531, 0.0019),
(2696, 'positive', 'drug,', 1, 531, 0.0019),
(2697, 'positive', 'old', 1, 531, 0.0019),
(2698, 'positive', 'save', 3, 531, 0.0056),
(2699, 'positive', 'marriag', 1, 531, 0.0019),
(2700, 'positive', 'kill', 1, 531, 0.0019),
(2701, 'positive', 'anxieti', 5, 531, 0.0094),
(2702, 'positive', 'notic', 1, 531, 0.0019),
(2703, 'positive', 'skin', 1, 531, 0.0019),
(2704, 'positive', 'love', 4, 531, 0.0075),
(2705, 'positive', 'ultram', 1, 531, 0.0019),
(2706, 'positive', 'level', 2, 531, 0.0038),
(2707, 'positive', 'swell', 1, 531, 0.0019),
(2708, 'positive', 'woman', 1, 531, 0.0019),
(2709, 'positive', 'tear', 1, 531, 0.0019),
(2710, 'positive', 'morn', 1, 531, 0.0019),
(2711, 'positive', 'wonder', 2, 531, 0.0038),
(2712, 'positive', 'longer', 1, 531, 0.0019),
(2713, 'positive', 'realiz', 1, 531, 0.0019),
(2714, 'positive', 'medicin', 8, 531, 0.0151),
(2715, 'positive', 'head', 1, 531, 0.0019),
(2716, 'positive', 'bladder', 1, 531, 0.0019),
(2717, 'positive', 'live', 3, 531, 0.0056),
(2718, 'positive', 'work', 7, 531, 0.0132),
(2719, 'positive', 'joint', 1, 531, 0.0019),
(2720, 'positive', 'liter', 1, 531, 0.0019),
(2721, 'positive', 'bed', 1, 531, 0.0019),
(2722, 'positive', 'accident,', 1, 531, 0.0019),
(2723, 'positive', 'use)', 1, 531, 0.0019),
(2724, 'positive', 'strong', 1, 531, 0.0019),
(2725, 'positive', 'bless', 1, 531, 0.0019),
(2726, 'positive', 'even', 1, 531, 0.0019),
(2727, 'positive', 'word', 1, 531, 0.0019),
(2728, 'positive', 'medic', 9, 531, 0.0169),
(2729, 'positive', 'treat', 1, 531, 0.0019),
(2730, 'positive', 'stop', 1, 531, 0.0019),
(2731, 'positive', 'effectiveit', 1, 531, 0.0019),
(2732, 'positive', 'awai', 1, 531, 0.0019),
(2733, 'positive', 'allow', 1, 531, 0.0019),
(2734, 'positive', 'incid', 1, 531, 0.0019),
(2735, 'positive', 'push', 1, 531, 0.0019),
(2736, 'positive', 'remiss', 1, 531, 0.0019),
(2737, 'positive', 'prozac,', 1, 531, 0.0019),
(2738, 'positive', 'headach', 1, 531, 0.0019),
(2739, 'positive', 'full', 1, 531, 0.0019),
(2740, 'positive', 'die', 1, 531, 0.0019),
(2741, 'positive', 'less', 1, 531, 0.0019),
(2742, 'positive', 'drug', 20, 531, 0.0377),
(2743, 'positive', 'it', 2, 531, 0.0038),
(2744, 'positive', 'pain,', 1, 531, 0.0019),
(2745, 'positive', 'origin', 1, 531, 0.0019),
(2746, 'positive', 'fine,', 1, 531, 0.0019),
(2747, 'positive', 'inject', 1, 531, 0.0019),
(2748, 'positive', 'problem', 2, 531, 0.0038),
(2749, 'positive', 'intens', 1, 531, 0.0019),
(2750, 'positive', 'im', 3, 531, 0.0056),
(2751, 'positive', 'prozac', 1, 531, 0.0019),
(2752, 'positive', 'pass', 1, 531, 0.0019),
(2753, 'positive', 'thi', 1, 531, 0.0019),
(2754, 'positive', 'far,', 1, 531, 0.0019),
(2755, 'positive', 'eyes,', 1, 531, 0.0019),
(2756, 'positive', 'two', 1, 531, 0.0019),
(2757, 'positive', 'felt', 2, 531, 0.0038),
(2758, 'positive', 'rash', 1, 531, 0.0019),
(2759, 'positive', 'term', 1, 531, 0.0019),
(2760, 'positive', 'infect', 1, 531, 0.0019),
(2761, 'positive', 'instead', 1, 531, 0.0019),
(2762, 'positive', 'night', 1, 531, 0.0019),
(2763, 'positive', 'wai', 1, 531, 0.0019),
(2764, 'positive', 'disappear', 2, 531, 0.0038),
(2765, 'positive', 'daili', 1, 531, 0.0019),
(2766, 'positive', 'first', 1, 531, 0.0019),
(2767, 'positive', 'user', 1, 531, 0.0019),
(2768, 'negative', 'total', 2, 691, 0.0029),
(2769, 'negative', 'hive', 1, 691, 0.0014),
(2770, 'negative', 'doesnt', 2, 691, 0.0029),
(2771, 'negative', 'ga', 1, 691, 0.0014),
(2772, 'negative', 'knock', 1, 691, 0.0014),
(2773, 'negative', 'time', 2, 691, 0.0029),
(2774, 'negative', 'agit', 1, 691, 0.0014),
(2775, 'negative', 'slow', 3, 691, 0.0043),
(2776, 'negative', 'bare', 2, 691, 0.0029),
(2777, 'negative', 'breath', 2, 691, 0.0029),
(2778, 'negative', 'itched', 1, 691, 0.0014),
(2779, 'negative', 'problems,', 1, 691, 0.0014),
(2780, 'negative', 'death', 1, 691, 0.0014),
(2781, 'negative', 'mood', 1, 691, 0.0014),
(2782, 'negative', 'timenot', 1, 691, 0.0014),
(2783, 'negative', 'sleep', 2, 691, 0.0029),
(2784, 'negative', 'worthless', 2, 691, 0.0029),
(2785, 'negative', ',', 1, 691, 0.0014),
(2786, 'negative', 'giv', 1, 691, 0.0014),
(2787, 'negative', 'few', 1, 691, 0.0014),
(2788, 'negative', 'eas', 2, 691, 0.0029),
(2789, 'negative', 'gi', 1, 691, 0.0014),
(2790, 'negative', 'discuss', 1, 691, 0.0014),
(2791, 'negative', 'shorter', 1, 691, 0.0014),
(2792, 'negative', 'symptom', 1, 691, 0.0014),
(2793, 'negative', 'go', 2, 691, 0.0029),
(2794, 'negative', 'horrible', 2, 691, 0.0029),
(2795, 'negative', 'six', 1, 691, 0.0014),
(2796, 'negative', 'relief', 2, 691, 0.0029),
(2797, 'negative', 'weaker', 1, 691, 0.0014),
(2798, 'negative', 'patient', 1, 691, 0.0014),
(2799, 'negative', 'di', 1, 691, 0.0014),
(2800, 'negative', 'side', 8, 691, 0.0116),
(2801, 'negative', 'grew', 1, 691, 0.0014),
(2802, 'negative', 'left', 1, 691, 0.0014),
(2803, 'negative', 'do', 1, 691, 0.0014),
(2804, 'negative', 'hurt,', 1, 691, 0.0014),
(2805, 'negative', 'dr', 1, 691, 0.0014),
(2806, 'negative', 'max', 1, 691, 0.0014),
(2807, 'negative', 'ey', 1, 691, 0.0014),
(2808, 'negative', '`', 1, 691, 0.0014),
(2809, 'negative', 'suffer', 2, 691, 0.0029),
(2810, 'negative', 'hour', 4, 691, 0.0058),
(2811, 'negative', 'taking', 1, 691, 0.0014),
(2812, 'negative', 'gain', 3, 691, 0.0043),
(2813, 'negative', 'new', 1, 691, 0.0014),
(2814, 'negative', 'reliev', 4, 691, 0.0058),
(2815, 'negative', 'aches,', 1, 691, 0.0014),
(2816, 'negative', 'greed', 1, 691, 0.0014),
(2817, 'negative', 'nightmar', 2, 691, 0.0029),
(2818, 'negative', 'normal', 1, 691, 0.0014),
(2819, 'negative', 'took', 3, 691, 0.0043),
(2820, 'negative', 'stupid', 1, 691, 0.0014),
(2821, 'negative', 'doctor', 2, 691, 0.0029),
(2822, 'negative', 'close', 2, 691, 0.0029),
(2823, 'negative', 'lightheadedness,', 1, 691, 0.0014),
(2824, 'negative', 'me,', 2, 691, 0.0029),
(2825, 'negative', 'surgeri', 2, 691, 0.0029),
(2826, 'negative', 'think', 3, 691, 0.0043),
(2827, 'negative', 'ani', 1, 691, 0.0014),
(2828, 'negative', 'far', 1, 691, 0.0014),
(2829, 'negative', 'dai', 9, 691, 0.0130),
(2830, 'negative', 'much', 1, 691, 0.0014),
(2831, 'negative', 'bodi', 4, 691, 0.0058),
(2832, 'negative', 'better', 3, 691, 0.0043),
(2833, 'negative', 'day', 1, 691, 0.0014),
(2834, 'negative', 'walk', 2, 691, 0.0029),
(2835, 'negative', 'make', 3, 691, 0.0043),
(2836, 'negative', 'fog,', 1, 691, 0.0014),
(2837, 'negative', 'thing', 2, 691, 0.0029),
(2838, 'negative', 'pound', 1, 691, 0.0014),
(2839, 'negative', 'room', 1, 691, 0.0014),
(2840, 'negative', 'depress', 7, 691, 0.0101),
(2841, 'negative', 'med', 2, 691, 0.0029),
(2842, 'negative', 'sex', 1, 691, 0.0014),
(2843, 'negative', 'stillstai', 1, 691, 0.0014),
(2844, 'negative', 'anfd', 1, 691, 0.0014),
(2845, 'negative', 'neck', 1, 691, 0.0014),
(2846, 'negative', 'recommend', 2, 691, 0.0029),
(2847, 'negative', 'disturb', 1, 691, 0.0014),
(2848, 'negative', 'unstaisfactori', 1, 691, 0.0014),
(2849, 'negative', 'topamax', 1, 691, 0.0014),
(2850, 'negative', 'noncommun', 1, 691, 0.0014),
(2851, 'negative', 'wake', 1, 691, 0.0014),
(2852, 'negative', 'that?', 1, 691, 0.0014),
(2853, 'negative', 'fda', 1, 691, 0.0014),
(2854, 'negative', 'all', 11, 691, 0.0159),
(2855, 'negative', 'crap', 1, 691, 0.0014),
(2856, 'negative', 'massiv', 1, 691, 0.0014),
(2857, 'negative', 'uncomfort', 1, 691, 0.0014),
(2858, 'negative', 'diabet', 1, 691, 0.0014),
(2859, 'negative', 'nausea,', 1, 691, 0.0014),
(2860, 'negative', 'great', 2, 691, 0.0029),
(2861, 'negative', 'allegra', 2, 691, 0.0029),
(2862, 'negative', 'there', 1, 691, 0.0014),
(2863, 'negative', 'off', 3, 691, 0.0043),
(2864, 'negative', 'forget', 1, 691, 0.0014),
(2865, 'negative', 'qualifi', 1, 691, 0.0014),
(2866, 'negative', 'stomach', 2, 691, 0.0029),
(2867, 'negative', 'memori', 2, 691, 0.0029),
(2868, 'negative', 'lower', 1, 691, 0.0014),
(2869, 'negative', 'while,', 1, 691, 0.0014),
(2870, 'negative', 'freak', 1, 691, 0.0014),
(2871, 'negative', 'cycl', 1, 691, 0.0014),
(2872, 'negative', 'abl', 1, 691, 0.0014),
(2873, 'negative', 'help', 3, 691, 0.0043),
(2874, 'negative', 'correct', 1, 691, 0.0014),
(2875, 'negative', 'given', 2, 691, 0.0029),
(2876, 'negative', 'report', 1, 691, 0.0014),
(2877, 'negative', 'addict', 1, 691, 0.0014),
(2878, 'negative', 'on', 3, 691, 0.0043),
(2879, 'negative', 'suicid', 2, 691, 0.0029),
(2880, 'negative', 'worth', 2, 691, 0.0029),
(2881, 'negative', 'walk,', 1, 691, 0.0014),
(2882, 'negative', 'move', 1, 691, 0.0014),
(2883, 'negative', 'final', 1, 691, 0.0014),
(2884, 'negative', 'bak', 1, 691, 0.0014),
(2885, 'negative', 'heart', 1, 691, 0.0014),
(2886, 'negative', 'menstrual', 1, 691, 0.0014),
(2887, 'negative', 'sleep,', 2, 691, 0.0029),
(2888, 'negative', 'allerg', 1, 691, 0.0014),
(2889, 'negative', 'inabil', 1, 691, 0.0014),
(2890, 'negative', 'usong', 1, 691, 0.0014),
(2891, 'negative', 'avail', 1, 691, 0.0014),
(2892, 'negative', 'attornei', 1, 691, 0.0014),
(2893, 'negative', 'bad', 4, 691, 0.0058),
(2894, 'negative', 'anymor', 1, 691, 0.0014),
(2895, 'negative', 'them', 1, 691, 0.0014),
(2896, 'negative', 'depression,', 1, 691, 0.0014),
(2897, 'negative', 'month', 5, 691, 0.0072),
(2898, 'negative', 'numb', 1, 691, 0.0014),
(2899, 'negative', 'diabetes', 1, 691, 0.0014),
(2900, 'negative', 'thought', 4, 691, 0.0058),
(2901, 'negative', 'road', 1, 691, 0.0014),
(2902, 'negative', 'short', 1, 691, 0.0014),
(2903, 'negative', 'gained', 1, 691, 0.0014),
(2904, 'negative', 'eventual', 1, 691, 0.0014),
(2905, 'negative', 'withdraw', 1, 691, 0.0014),
(2906, 'negative', 'mg', 5, 691, 0.0072),
(2907, 'negative', 'me', 4, 691, 0.0058),
(2908, 'negative', 'prostat', 1, 691, 0.0014),
(2909, 'negative', 'note', 1, 691, 0.0014),
(2910, 'negative', 'dizzi', 1, 691, 0.0014),
(2911, 'negative', 'physic', 1, 691, 0.0014),
(2912, 'negative', 'issues,', 2, 691, 0.0029),
(2913, 'negative', 'over,', 1, 691, 0.0014),
(2914, 'negative', 'differ', 2, 691, 0.0029),
(2915, 'negative', 'stai', 2, 691, 0.0029),
(2916, 'negative', 'experi', 1, 691, 0.0014),
(2917, 'negative', 'dizzy,', 1, 691, 0.0014),
(2918, 'negative', 'seizured,', 1, 691, 0.0014),
(2919, 'negative', 'peripher', 1, 691, 0.0014),
(2920, 'negative', 'second', 1, 691, 0.0014),
(2921, 'negative', 'anxieti', 2, 691, 0.0029),
(2922, 'negative', 'notic', 1, 691, 0.0014),
(2923, 'negative', 'abil', 1, 691, 0.0014),
(2924, 'negative', 'caused', 1, 691, 0.0014),
(2925, 'negative', 'more', 3, 691, 0.0043),
(2926, 'negative', 'hit', 1, 691, 0.0014),
(2927, 'negative', 'unsatisfactori', 1, 691, 0.0014),
(2928, 'negative', 'wonder', 1, 691, 0.0014),
(2929, 'negative', 'fusion', 1, 691, 0.0014),
(2930, 'negative', 'dizziness,', 2, 691, 0.0029),
(2931, 'negative', 'medicin', 8, 691, 0.0116),
(2932, 'negative', 'constipation,', 1, 691, 0.0014),
(2933, 'negative', 'plu', 1, 691, 0.0014),
(2934, 'negative', 'joint', 2, 691, 0.0029),
(2935, 'negative', 'contract', 1, 691, 0.0014),
(2936, 'negative', 'bed', 1, 691, 0.0014),
(2937, 'negative', 'scolosi', 1, 691, 0.0014),
(2938, 'negative', 'assist', 1, 691, 0.0014),
(2939, 'negative', 'high,', 1, 691, 0.0014),
(2940, 'negative', 'panic', 1, 691, 0.0014),
(2941, 'negative', 'stuff', 1, 691, 0.0014),
(2942, 'negative', 'insomnia,', 1, 691, 0.0014),
(2943, 'negative', 'strong', 1, 691, 0.0014),
(2944, 'negative', 'lb', 1, 691, 0.0014),
(2945, 'negative', 'allergi', 1, 691, 0.0014),
(2946, 'negative', 'awai', 2, 691, 0.0029),
(2947, 'negative', 'lost', 2, 691, 0.0029),
(2948, 'negative', 'crazi', 2, 691, 0.0029),
(2949, 'negative', 'loss', 3, 691, 0.0043),
(2950, 'negative', 'terribl', 4, 691, 0.0058),
(2951, 'negative', 'believe', 1, 691, 0.0014),
(2952, 'negative', 'affect', 1, 691, 0.0014),
(2953, 'negative', 'awful', 1, 691, 0.0014),
(2954, 'negative', 'father', 1, 691, 0.0014),
(2955, 'negative', 'id', 1, 691, 0.0014),
(2956, 'negative', 'pounding,', 1, 691, 0.0014),
(2957, 'negative', 'rate', 1, 691, 0.0014),
(2958, 'negative', 'nausea', 2, 691, 0.0029),
(2959, 'negative', 'read', 1, 691, 0.0014),
(2960, 'negative', 'frustrat', 1, 691, 0.0014),
(2961, 'negative', 'develop', 1, 691, 0.0014),
(2962, 'negative', 'heavi', 1, 691, 0.0014),
(2963, 'negative', 'major', 2, 691, 0.0029),
(2964, 'negative', 'drug', 31, 691, 0.0449),
(2965, 'negative', 'rip', 1, 691, 0.0014),
(2966, 'negative', 'it', 3, 691, 0.0043),
(2967, 'negative', 'worst', 4, 691, 0.0058),
(2968, 'negative', 'atarax', 1, 691, 0.0014),
(2969, 'negative', 'inject', 1, 691, 0.0014),
(2970, 'negative', 'ach', 1, 691, 0.0014),
(2971, 'negative', 'problem', 1, 691, 0.0014),
(2972, 'negative', 'im', 1, 691, 0.0014),
(2973, 'negative', 'know', 1, 691, 0.0014),
(2974, 'negative', 'two', 2, 691, 0.0029),
(2975, 'negative', 'hurt', 1, 691, 0.0014),
(2976, 'negative', 'felt', 2, 691, 0.0029),
(2977, 'negative', 'rash', 1, 691, 0.0014),
(2978, 'negative', 'wai', 1, 691, 0.0014),
(2979, 'negative', 'night', 2, 691, 0.0029),
(2980, 'negative', 'daili', 2, 691, 0.0029),
(2981, 'negative', 'excit', 1, 691, 0.0014),
(2982, 'negative', 'couldnt', 2, 691, 0.0029),
(2983, 'negative', 'understand', 1, 691, 0.0014),
(2984, 'negative', 'horribl', 3, 691, 0.0043),
(2985, 'negative', 'knew', 1, 691, 0.0014),
(2986, 'negative', 'advis', 1, 691, 0.0014),
(2987, 'negative', 'recov', 2, 691, 0.0029),
(2988, 'negative', 'year', 4, 691, 0.0058),
(2989, 'negative', 'years,', 1, 691, 0.0014),
(2990, 'negative', 'brain', 1, 691, 0.0014),
(2991, 'negative', 'advic', 1, 691, 0.0014),
(2992, 'negative', 'constip', 1, 691, 0.0014),
(2993, 'negative', 'bristolsquibthei', 1, 691, 0.0014),
(2994, 'negative', 'tummi', 1, 691, 0.0014),
(2995, 'negative', 'autoimmun', 1, 691, 0.0014),
(2996, 'negative', 'celexa', 2, 691, 0.0029),
(2997, 'negative', 'prescrib', 4, 691, 0.0058),
(2998, 'negative', 'dosag', 2, 691, 0.0029),
(2999, 'negative', 'tri', 2, 691, 0.0029),
(3000, 'negative', 'pure', 1, 691, 0.0014),
(3001, 'negative', 'system', 1, 691, 0.0014),
(3002, 'negative', 'wont', 1, 691, 0.0014),
(3003, 'negative', 'crime', 1, 691, 0.0014),
(3004, 'negative', 'conscious', 1, 691, 0.0014),
(3005, 'negative', 'low', 1, 691, 0.0014),
(3006, 'negative', 'try', 2, 691, 0.0029),
(3007, 'negative', 'readi', 2, 691, 0.0029),
(3008, 'negative', 'face', 1, 691, 0.0014),
(3009, 'negative', 'complex', 1, 691, 0.0014),
(3010, 'negative', 'advers', 1, 691, 0.0014),
(3011, 'negative', 'eventu', 1, 691, 0.0014),
(3012, 'negative', 'common', 1, 691, 0.0014),
(3013, 'negative', 'pounds', 1, 691, 0.0014),
(3014, 'negative', 'chronic', 1, 691, 0.0014),
(3015, 'negative', 'lipitor', 1, 691, 0.0014),
(3016, 'negative', 'useless', 1, 691, 0.0014),
(3017, 'negative', 'lesions,', 1, 691, 0.0014),
(3018, 'negative', 'slower', 1, 691, 0.0014),
(3019, 'negative', 'sore', 1, 691, 0.0014),
(3020, 'negative', 'best', 1, 691, 0.0014),
(3021, 'negative', 'hardli', 1, 691, 0.0014),
(3022, 'negative', 'hair', 1, 691, 0.0014),
(3023, 'negative', 'hard', 2, 691, 0.0029),
(3024, 'negative', 'journei', 1, 691, 0.0014),
(3025, 'negative', 'complet', 1, 691, 0.0014),
(3026, 'negative', 'wasnt', 1, 691, 0.0014),
(3027, 'negative', 'effects,', 1, 691, 0.0014),
(3028, 'negative', 'cns', 1, 691, 0.0014),
(3029, 'negative', 'erect', 1, 691, 0.0014),
(3030, 'negative', 'uti', 2, 691, 0.0029),
(3031, 'negative', 'back', 5, 691, 0.0072),
(3032, 'negative', 'sorri', 1, 691, 0.0014),
(3033, 'negative', 'us', 2, 691, 0.0029),
(3034, 'negative', 'indigest', 1, 691, 0.0014),
(3035, 'negative', 'up', 1, 691, 0.0014),
(3036, 'negative', 'charg', 1, 691, 0.0014),
(3037, 'negative', 'retriev', 1, 691, 0.0014),
(3038, 'negative', 'experienc', 2, 691, 0.0029),
(3039, 'negative', 'down', 1, 691, 0.0014),
(3040, 'negative', 'part', 1, 691, 0.0014),
(3041, 'negative', 'week', 3, 691, 0.0043),
(3042, 'negative', 'afford', 2, 691, 0.0029),
(3043, 'negative', 'pull', 1, 691, 0.0014),
(3044, 'negative', 'good', 1, 691, 0.0014),
(3045, 'negative', 'round', 1, 691, 0.0014),
(3046, 'negative', 'breakage', 1, 691, 0.0014),
(3047, 'negative', 'jitteri', 1, 691, 0.0014),
(3048, 'negative', 'requir', 1, 691, 0.0014),
(3049, 'negative', 'taken', 2, 691, 0.0029),
(3050, 'negative', 'neuralgia', 1, 691, 0.0014),
(3051, 'negative', 'prolong', 1, 691, 0.0014),
(3052, 'negative', 'period', 1, 691, 0.0014),
(3053, 'negative', 'enoughalso', 1, 691, 0.0014),
(3054, 'negative', 'overt', 1, 691, 0.0014),
(3055, 'negative', 'scari', 1, 691, 0.0014),
(3056, 'negative', 'neuropathi', 1, 691, 0.0014),
(3057, 'negative', 'stomach,', 1, 691, 0.0014),
(3058, 'negative', 'rx', 1, 691, 0.0014),
(3059, 'negative', 'overpr', 1, 691, 0.0014),
(3060, 'negative', 'car', 1, 691, 0.0014),
(3061, 'negative', 'sue', 1, 691, 0.0014),
(3062, 'negative', 'cipro', 3, 691, 0.0043),
(3063, 'negative', 'result', 2, 691, 0.0029),
(3064, 'negative', 'cau', 1, 691, 0.0014),
(3065, 'negative', 'weight', 3, 691, 0.0043),
(3066, 'negative', 'someon', 1, 691, 0.0014),
(3067, 'negative', 'ciprolex,', 1, 691, 0.0014),
(3068, 'negative', 'didnt', 3, 691, 0.0043),
(3069, 'negative', 'dose', 2, 691, 0.0029),
(3070, 'negative', 'bronchiti', 1, 691, 0.0014),
(3071, 'negative', 'consum', 1, 691, 0.0014),
(3072, 'negative', 'immedi', 1, 691, 0.0014),
(3073, 'negative', 'react', 1, 691, 0.0014),
(3074, 'negative', 'feel', 6, 691, 0.0087),
(3075, 'negative', 'foggi', 1, 691, 0.0014),
(3076, 'negative', 'rush', 1, 691, 0.0014),
(3077, 'negative', 'lossthe', 1, 691, 0.0014),
(3078, 'negative', 'mayb', 1, 691, 0.0014),
(3079, 'negative', 'sever', 5, 691, 0.0072),
(3080, 'negative', 'interrupt', 1, 691, 0.0014),
(3081, 'negative', 'costli', 1, 691, 0.0014),
(3082, 'negative', 'months', 1, 691, 0.0014),
(3083, 'negative', 'caus', 2, 691, 0.0029),
(3084, 'negative', 'tablet', 1, 691, 0.0014),
(3085, 'negative', 'effect', 9, 691, 0.0130),
(3086, 'negative', 'head,', 1, 691, 0.0014),
(3087, 'negative', 'out', 1, 691, 0.0014),
(3088, 'negative', 'recoveri', 2, 691, 0.0029),
(3089, 'negative', 'tak', 5, 691, 0.0072),
(3090, 'negative', 'person', 3, 691, 0.0043),
(3091, 'negative', 'programs/', 1, 691, 0.0014),
(3092, 'negative', 'went', 2, 691, 0.0029),
(3093, 'negative', 'avoid', 2, 691, 0.0029),
(3094, 'negative', 'oper', 1, 691, 0.0014),
(3095, 'negative', 'drive', 1, 691, 0.0014),
(3096, 'negative', 'toxic', 1, 691, 0.0014),
(3097, 'negative', 'slept', 1, 691, 0.0014),
(3098, 'negative', 'arm', 1, 691, 0.0014),
(3099, 'negative', 'form', 1, 691, 0.0014),
(3100, 'negative', 'again', 4, 691, 0.0058),
(3101, 'negative', 'unbear', 1, 691, 0.0014),
(3102, 'negative', 'non', 1, 691, 0.0014),
(3103, 'negative', 'start', 2, 691, 0.0029),
(3104, 'negative', 'cant', 3, 691, 0.0043),
(3105, 'negative', 'saw', 1, 691, 0.0014),
(3106, 'negative', 'years', 1, 691, 0.0014),
(3107, 'negative', 'impair', 1, 691, 0.0014),
(3108, 'negative', 'evil', 1, 691, 0.0014),
(3109, 'negative', 'reaction', 1, 691, 0.0014),
(3110, 'negative', 'put', 2, 691, 0.0029),
(3111, 'negative', 'pain', 14, 691, 0.0203),
(3112, 'negative', 'tendon', 1, 691, 0.0014),
(3113, 'negative', 'issu', 1, 691, 0.0014),
(3114, 'negative', 'pill', 1, 691, 0.0014),
(3115, 'negative', 'pleas', 2, 691, 0.0029),
(3116, 'negative', 'upset', 2, 691, 0.0029),
(3117, 'negative', 'shaking,', 1, 691, 0.0014),
(3118, 'negative', 'mcuh', 1, 691, 0.0014),
(3119, 'negative', 'fake', 1, 691, 0.0014),
(3120, 'negative', 'forc', 1, 691, 0.0014),
(3121, 'negative', 'want', 3, 691, 0.0043),
(3122, 'negative', 'balanc', 1, 691, 0.0014),
(3123, 'negative', 'let', 1, 691, 0.0014),
(3124, 'negative', 'lime', 1, 691, 0.0014),
(3125, 'negative', 'damag', 1, 691, 0.0014),
(3126, 'negative', 'broken', 1, 691, 0.0014),
(3127, 'negative', 'process', 1, 691, 0.0014),
(3128, 'negative', 'leg', 1, 691, 0.0014),
(3129, 'negative', 'attack', 1, 691, 0.0014),
(3130, 'negative', 'drug,', 3, 691, 0.0043),
(3131, 'negative', 'muscl', 3, 691, 0.0043),
(3132, 'negative', 'old', 2, 691, 0.0029),
(3133, 'negative', 'hate', 1, 691, 0.0014),
(3134, 'negative', 'ssri', 1, 691, 0.0014),
(3135, 'negative', 'wish', 1, 691, 0.0014),
(3136, 'negative', 'foot', 1, 691, 0.0014),
(3137, 'negative', 'kill', 1, 691, 0.0014),
(3138, 'negative', 'heat', 1, 691, 0.0014),
(3139, 'negative', 'skin', 1, 691, 0.0014),
(3140, 'negative', 'function', 1, 691, 0.0014),
(3141, 'negative', 'swell', 1, 691, 0.0014),
(3142, 'negative', 'power', 1, 691, 0.0014),
(3143, 'negative', 'longer', 1, 691, 0.0014),
(3144, 'negative', 'trigemin', 1, 691, 0.0014),
(3145, 'negative', 'spinal', 1, 691, 0.0014),
(3146, 'negative', 'reocurr', 1, 691, 0.0014),
(3147, 'negative', 'head', 2, 691, 0.0029),
(3148, 'negative', 'ineffect', 1, 691, 0.0014),
(3149, 'negative', 'awaythi', 1, 691, 0.0014),
(3150, 'negative', 'work', 5, 691, 0.0072),
(3151, 'negative', 'unfortun', 1, 691, 0.0014),
(3152, 'negative', 'compani', 1, 691, 0.0014),
(3153, 'negative', 'fform', 1, 691, 0.0014),
(3154, 'negative', 'wors', 1, 691, 0.0014),
(3155, 'negative', 'figur', 1, 691, 0.0014),
(3156, 'negative', 'sinus', 1, 691, 0.0014),
(3157, 'negative', 'market', 3, 691, 0.0043),
(3158, 'negative', 'emerg', 1, 691, 0.0014),
(3159, 'negative', 'pulse,', 1, 691, 0.0014),
(3160, 'negative', 'even', 1, 691, 0.0014),
(3161, 'negative', 'word', 1, 691, 0.0014),
(3162, 'negative', 'medic', 5, 691, 0.0072),
(3163, 'negative', 'treat', 1, 691, 0.0014),
(3164, 'negative', 'stop', 7, 691, 0.0101),
(3165, 'negative', 'onc', 1, 691, 0.0014),
(3166, 'negative', 'horrible,', 1, 691, 0.0014),
(3167, 'negative', 'minim', 1, 691, 0.0014),
(3168, 'negative', 'headach', 1, 691, 0.0014),
(3169, 'negative', 'full', 1, 691, 0.0014),
(3170, 'negative', 'bone', 1, 691, 0.0014),
(3171, 'negative', 'die', 1, 691, 0.0014),
(3172, 'negative', 'nervou', 1, 691, 0.0014),
(3173, 'negative', 'pretti', 1, 691, 0.0014),
(3174, 'negative', 'pain,', 2, 691, 0.0029),
(3175, 'negative', 'itching,', 1, 691, 0.0014),
(3176, 'negative', 'infect', 1, 691, 0.0014),
(3177, 'negative', 'mental', 1, 691, 0.0014),
(3178, 'negative', 'yr', 1, 691, 0.0014),
(3179, 'negative', 'sick,', 1, 691, 0.0014),
(3180, 'negative', 'first', 1, 691, 0.0014),
(3181, 'negative', 'miss', 1, 691, 0.0014);

-- --------------------------------------------------------

--
-- Table structure for table `users`
--

CREATE TABLE IF NOT EXISTS `users` (
  `id` int(11) NOT NULL AUTO_INCREMENT,
  `fullname` varchar(50) NOT NULL,
  `username` varchar(20) NOT NULL,
  `password` varchar(20) NOT NULL,
  `address` text NOT NULL,
  `email` varchar(100) NOT NULL,
  `contact_no` varchar(12) NOT NULL,
  `user_type` varchar(15) DEFAULT NULL,
  `created_timestamp` timestamp NOT NULL DEFAULT CURRENT_TIMESTAMP,
  PRIMARY KEY (`id`)
) ENGINE=MyISAM  DEFAULT CHARSET=latin1 AUTO_INCREMENT=30 ;

--
-- Dumping data for table `users`
--

INSERT INTO `users` (`id`, `fullname`, `username`, `password`, `address`, `email`, `contact_no`, `user_type`, `created_timestamp`) VALUES
(1, 'user1', 'user1', 'user1', 'business park', 'user1@gmail.com', '68564666', 'user', '2014-02-11 12:02:35'),
(3, 'user2', 'user2', 'user2', 'fantasia business park', 'user2@gmail.com', '685654545', 'pharma', '2014-02-24 12:08:38'),
(23, 'pqr', 'pqr', '123', 'mumbai', 'pqr@stv.com', '4512451245', 'user', '2014-11-18 16:47:00'),
(21, 'xyz', 'xyz', '123', 'mumbai', 'xyz@abc.com', '4512451245', 'pharma', '2014-11-18 16:40:26'),
(25, 'user1', 'mmm', 'mmm', 'mumbai', 'abc@xyz.com', '6543126543', 'pharma', '2014-12-10 15:45:07'),
(28, 'Nothing', 'Nothing', 'Nothing', 'Nothing', 'Nothing@gmail.com', '649873215', 'pharma', '2014-12-10 16:10:24'),
(29, 'Rajan Hire', 'rajan', 'rajan123', 'mumbai', 'rajan@gmail.com', '8798655412', 'doctor', '2015-03-02 12:31:20');

